interaction_id,learner_id,question_id,skill_id,timestamp,correct,dataset
1,41,16,17,1001,0,synthetic
2,18,8,9,1002,1,synthetic
3,42,26,7,1003,0,synthetic
4,48,18,19,1004,0,synthetic
5,5,5,6,1005,1,synthetic
6,2,1,2,6,0,synthetic
7,7,38,19,1007,1,synthetic
8,13,39,20,1008,1,synthetic
9,21,28,9,1009,0,synthetic
10,20,18,19,1010,1,synthetic
11,13,7,8,1011,1,synthetic
12,42,37,18,1012,1,synthetic
13,25,19,20,1013,1,synthetic
14,6,15,16,1014,1,synthetic
15,36,18,19,1015,1,synthetic
16,19,35,16,1016,0,synthetic
17,25,2,3,1017,1,synthetic
18,47,26,7,1018,1,synthetic
19,49,35,16,1019,0,synthetic
20,29,15,16,1020,0,synthetic
21,26,15,16,1021,1,synthetic
22,24,31,12,1022,0,synthetic
23,42,20,1,1023,1,synthetic
24,10,6,7,1024,0,synthetic
25,36,11,12,1025,0,synthetic
26,32,38,19,1026,0,synthetic
27,6,10,11,1027,1,synthetic
28,40,31,12,1028,0,synthetic
29,4,32,13,1029,1,synthetic
30,27,20,1,30,1,synthetic
31,10,3,4,1031,1,synthetic
32,45,37,18,1032,1,synthetic
33,1,18,19,1033,0,synthetic
34,49,36,17,1034,1,synthetic
35,35,32,13,1035,1,synthetic
36,42,16,17,1036,1,synthetic
37,30,31,12,1037,0,synthetic
38,7,28,9,1038,0,synthetic
39,25,9,10,1039,0,synthetic
40,11,34,15,1040,0,synthetic
41,11,13,14,1041,1,synthetic
42,8,3,4,1042,1,synthetic
43,32,11,12,1043,1,synthetic
44,9,36,17,1044,1,synthetic
45,26,1,2,45,1,synthetic
46,8,28,9,1046,1,synthetic
47,47,18,19,1047,1,synthetic
48,40,24,5,1048,0,synthetic
49,10,19,20,1049,0,synthetic
50,40,24,5,1050,1,synthetic
51,31,30,11,1051,0,synthetic
52,22,9,10,1052,0,synthetic
53,34,31,12,1053,0,synthetic
54,21,27,8,1054,0,synthetic
55,10,31,12,1055,0,synthetic
56,1,20,1,56,0,synthetic
57,13,7,8,1057,1,synthetic
58,22,7,8,1058,0,synthetic
59,40,30,11,1059,0,synthetic
60,5,23,4,1060,0,synthetic
61,23,1,2,1061,0,synthetic
62,18,19,20,1062,1,synthetic
63,38,20,1,1063,1,synthetic
64,40,26,7,1064,1,synthetic
65,36,35,16,1065,0,synthetic
66,5,38,19,1066,0,synthetic
67,7,14,15,1067,1,synthetic
68,12,17,18,1068,0,synthetic
69,9,34,15,1069,1,synthetic
70,22,37,18,1070,1,synthetic
71,48,40,1,1071,1,synthetic
72,14,11,12,1072,0,synthetic
73,15,14,15,1073,0,synthetic
74,40,10,11,1074,0,synthetic
75,11,31,12,1075,0,synthetic
76,21,5,6,1076,0,synthetic
77,9,33,14,1077,1,synthetic
78,28,31,12,1078,1,synthetic
79,20,33,14,1079,0,synthetic
80,16,36,17,1080,1,synthetic
81,25,25,6,1081,1,synthetic
82,23,20,1,82,1,synthetic
83,34,6,7,1083,0,synthetic
84,11,18,19,1084,0,synthetic
85,28,36,17,1085,1,synthetic
86,32,17,18,1086,0,synthetic
87,36,28,9,1087,1,synthetic
88,12,2,3,1088,1,synthetic
89,30,23,4,1089,1,synthetic
90,14,40,1,1090,0,synthetic
91,25,24,5,1091,0,synthetic
92,48,1,2,92,0,synthetic
93,29,24,5,1093,0,synthetic
94,1,38,19,1094,1,synthetic
95,22,7,8,1095,1,synthetic
96,17,33,14,1096,0,synthetic
97,39,18,19,1097,0,synthetic
98,42,18,19,1098,1,synthetic
99,26,3,4,1099,1,synthetic
100,18,4,5,1100,0,synthetic
101,46,31,12,1101,1,synthetic
102,32,12,13,1102,1,synthetic
103,48,35,16,1103,0,synthetic
104,3,24,5,1104,0,synthetic
105,40,10,11,1105,0,synthetic
106,9,6,7,1106,1,synthetic
107,8,4,5,1107,1,synthetic
108,41,4,5,1108,1,synthetic
109,7,35,16,1109,1,synthetic
110,13,40,1,110,0,synthetic
111,22,21,2,111,0,synthetic
112,38,24,5,1112,0,synthetic
113,43,26,7,1113,1,synthetic
114,43,4,5,1114,0,synthetic
115,13,33,14,1115,0,synthetic
116,47,18,19,1116,0,synthetic
117,12,29,10,1117,0,synthetic
118,18,39,20,1118,0,synthetic
119,45,33,14,1119,1,synthetic
120,12,1,2,120,1,synthetic
121,18,36,17,1121,1,synthetic
122,8,22,3,1122,1,synthetic
123,37,6,7,1123,1,synthetic
124,6,8,9,1124,0,synthetic
125,12,6,7,1125,0,synthetic
126,21,38,19,1126,0,synthetic
127,50,11,12,1127,0,synthetic
128,14,24,5,1128,1,synthetic
129,6,16,17,1129,1,synthetic
130,44,13,14,1130,0,synthetic
131,20,4,5,1131,1,synthetic
132,46,19,20,1132,0,synthetic
133,18,9,10,1133,1,synthetic
134,27,15,16,1134,0,synthetic
135,18,13,14,1135,0,synthetic
136,19,17,18,1136,1,synthetic
137,17,6,7,1137,1,synthetic
138,23,38,19,1138,1,synthetic
139,23,34,15,1139,1,synthetic
140,41,11,12,1140,0,synthetic
141,38,25,6,1141,0,synthetic
142,35,37,18,1142,0,synthetic
143,45,28,9,1143,1,synthetic
144,42,19,20,1144,0,synthetic
145,22,33,14,1145,1,synthetic
146,6,33,14,1146,0,synthetic
147,17,14,15,1147,1,synthetic
148,17,3,4,1148,0,synthetic
149,34,12,13,1149,1,synthetic
150,9,30,11,1150,1,synthetic
151,24,37,18,1151,1,synthetic
152,43,38,19,1152,0,synthetic
153,21,7,8,1153,1,synthetic
154,1,11,12,1154,1,synthetic
155,31,22,3,1155,1,synthetic
156,42,7,8,1156,0,synthetic
157,23,20,1,157,0,synthetic
158,30,35,16,1158,0,synthetic
159,49,2,3,1159,1,synthetic
160,40,30,11,1160,1,synthetic
161,47,26,7,1161,1,synthetic
162,16,17,18,1162,1,synthetic
163,39,22,3,1163,1,synthetic
164,44,26,7,1164,1,synthetic
165,3,15,16,1165,0,synthetic
166,27,28,9,1166,1,synthetic
167,37,26,7,1167,0,synthetic
168,11,33,14,1168,0,synthetic
169,20,39,20,1169,0,synthetic
170,37,9,10,1170,0,synthetic
171,43,22,3,1171,0,synthetic
172,6,20,1,1172,0,synthetic
173,23,30,11,1173,1,synthetic
174,11,30,11,1174,0,synthetic
175,43,10,11,1175,0,synthetic
176,12,20,1,1176,1,synthetic
177,6,12,13,1177,0,synthetic
178,14,28,9,1178,0,synthetic
179,47,16,17,1179,0,synthetic
180,44,36,17,1180,1,synthetic
181,1,31,12,1181,0,synthetic
182,23,7,8,1182,1,synthetic
183,36,26,7,1183,0,synthetic
184,31,25,6,1184,1,synthetic
185,46,16,17,1185,0,synthetic
186,25,9,10,1186,1,synthetic
187,49,9,10,1187,1,synthetic
188,50,21,2,188,1,synthetic
189,44,28,9,1189,1,synthetic
190,35,5,6,1190,1,synthetic
191,32,38,19,1191,0,synthetic
192,15,39,20,1192,0,synthetic
193,50,16,17,1193,1,synthetic
194,24,22,3,1194,0,synthetic
195,40,39,20,1195,1,synthetic
196,5,15,16,1196,0,synthetic
197,32,13,14,1197,0,synthetic
198,14,20,1,1198,1,synthetic
199,6,22,3,1199,1,synthetic
200,42,12,13,1200,1,synthetic
201,10,19,20,1201,1,synthetic
202,25,31,12,1202,0,synthetic
203,17,27,8,1203,0,synthetic
204,11,26,7,1204,0,synthetic
205,30,6,7,1205,1,synthetic
206,44,7,8,1206,1,synthetic
207,1,11,12,1207,1,synthetic
208,9,37,18,1208,1,synthetic
209,44,30,11,1209,0,synthetic
210,32,26,7,1210,1,synthetic
211,50,4,5,1211,1,synthetic
212,28,17,18,1212,0,synthetic
213,39,29,10,1213,1,synthetic
214,50,31,12,1214,1,synthetic
215,35,24,5,1215,0,synthetic
216,12,28,9,1216,1,synthetic
217,44,6,7,1217,0,synthetic
218,1,22,3,1218,1,synthetic
219,13,33,14,1219,1,synthetic
220,28,4,5,1220,1,synthetic
221,19,3,4,1221,0,synthetic
222,32,30,11,1222,1,synthetic
223,4,39,20,1223,1,synthetic
224,17,28,9,1224,1,synthetic
225,44,19,20,1225,0,synthetic
226,35,18,19,1226,0,synthetic
227,19,23,4,1227,1,synthetic
228,2,29,10,1228,1,synthetic
229,20,3,4,1229,0,synthetic
230,23,3,4,1230,1,synthetic
231,16,12,13,1231,0,synthetic
232,35,7,8,1232,0,synthetic
233,47,10,11,1233,1,synthetic
234,28,18,19,1234,1,synthetic
235,30,40,1,1235,0,synthetic
236,47,34,15,1236,1,synthetic
237,3,5,6,1237,1,synthetic
238,24,3,4,1238,0,synthetic
239,39,7,8,1239,1,synthetic
240,33,6,7,1240,1,synthetic
241,41,20,1,241,1,synthetic
242,26,2,3,1242,0,synthetic
243,48,17,18,1243,0,synthetic
244,28,8,9,1244,0,synthetic
245,37,17,18,1245,1,synthetic
246,40,33,14,1246,0,synthetic
247,45,4,5,1247,1,synthetic
248,37,31,12,1248,0,synthetic
249,49,28,9,1249,1,synthetic
250,48,12,13,1250,1,synthetic
251,33,3,4,1251,1,synthetic
252,12,19,20,1252,1,synthetic
253,1,27,8,1253,0,synthetic
254,2,27,8,1254,0,synthetic
255,18,18,19,1255,1,synthetic
256,39,21,2,1256,0,synthetic
257,15,15,16,1257,0,synthetic
258,46,21,2,258,0,synthetic
259,5,40,1,259,1,synthetic
260,47,39,20,1260,1,synthetic
261,38,27,8,1261,1,synthetic
262,35,25,6,1262,1,synthetic
263,36,1,2,263,1,synthetic
264,22,21,2,264,1,synthetic
265,29,10,11,1265,1,synthetic
266,48,32,13,1266,0,synthetic
267,35,11,12,1267,1,synthetic
268,17,26,7,1268,0,synthetic
269,43,37,18,1269,0,synthetic
270,41,32,13,1270,1,synthetic
271,6,14,15,1271,1,synthetic
272,20,19,20,1272,1,synthetic
273,29,30,11,1273,0,synthetic
274,10,40,1,1274,0,synthetic
275,40,23,4,1275,1,synthetic
276,27,2,3,1276,1,synthetic
277,36,32,13,1277,0,synthetic
278,25,35,16,1278,0,synthetic
279,25,39,20,1279,0,synthetic
280,7,26,7,1280,0,synthetic
281,14,8,9,1281,1,synthetic
282,12,11,12,1282,1,synthetic
283,36,27,8,1283,1,synthetic
284,49,14,15,1284,1,synthetic
285,39,18,19,1285,1,synthetic
286,50,24,5,1286,0,synthetic
287,43,21,2,1287,1,synthetic
288,15,26,7,1288,1,synthetic
289,49,30,11,1289,1,synthetic
290,29,11,12,1290,0,synthetic
291,26,19,20,1291,0,synthetic
292,35,22,3,1292,1,synthetic
293,42,12,13,1293,0,synthetic
294,25,38,19,1294,1,synthetic
295,27,27,8,1295,0,synthetic
296,41,2,3,1296,0,synthetic
297,9,40,1,297,0,synthetic
298,39,37,18,1298,1,synthetic
299,2,21,2,299,0,synthetic
300,11,37,18,1300,1,synthetic
301,44,6,7,1301,1,synthetic
302,2,39,20,1302,1,synthetic
303,36,33,14,1303,0,synthetic
304,11,30,11,1304,1,synthetic
305,47,16,17,1305,0,synthetic
306,31,13,14,1306,1,synthetic
307,9,19,20,1307,0,synthetic
308,2,14,15,1308,1,synthetic
309,30,16,17,1309,1,synthetic
310,16,12,13,1310,1,synthetic
311,33,8,9,1311,1,synthetic
312,11,16,17,1312,1,synthetic
313,47,5,6,1313,0,synthetic
314,48,3,4,1314,1,synthetic
315,34,31,12,1315,1,synthetic
316,5,27,8,1316,1,synthetic
317,46,35,16,1317,0,synthetic
318,46,39,20,1318,0,synthetic
319,29,31,12,1319,0,synthetic
320,19,26,7,1320,0,synthetic
321,24,26,7,1321,1,synthetic
322,28,8,9,1322,0,synthetic
323,10,17,18,1323,0,synthetic
324,47,11,12,1324,1,synthetic
325,27,22,3,1325,0,synthetic
326,16,31,12,1326,0,synthetic
327,17,7,8,1327,1,synthetic
328,42,5,6,1328,1,synthetic
329,46,32,13,1329,0,synthetic
330,49,17,18,1330,1,synthetic
331,19,29,10,1331,1,synthetic
332,29,17,18,1332,1,synthetic
333,39,3,4,1333,0,synthetic
334,10,34,15,1334,1,synthetic
335,2,15,16,1335,1,synthetic
336,37,24,5,1336,1,synthetic
337,20,11,12,1337,1,synthetic
338,31,29,10,1338,1,synthetic
339,10,9,10,1339,0,synthetic
340,39,19,20,1340,1,synthetic
341,17,15,16,1341,0,synthetic
342,14,38,19,1342,1,synthetic
343,10,38,19,1343,0,synthetic
344,17,24,5,1344,1,synthetic
345,31,40,1,345,0,synthetic
346,23,10,11,1346,1,synthetic
347,34,24,5,1347,1,synthetic
348,32,11,12,1348,1,synthetic
349,12,31,12,1349,1,synthetic
350,1,5,6,1350,1,synthetic
351,15,20,1,351,0,synthetic
352,15,10,11,1352,1,synthetic
353,39,8,9,1353,0,synthetic
354,23,32,13,1354,1,synthetic
355,37,1,2,1355,0,synthetic
356,48,13,14,1356,1,synthetic
357,43,3,4,1357,1,synthetic
358,41,7,8,1358,1,synthetic
359,33,5,6,1359,1,synthetic
360,36,35,16,1360,0,synthetic
361,4,29,10,1361,0,synthetic
362,16,17,18,1362,0,synthetic
363,45,16,17,1363,0,synthetic
364,45,30,11,1364,0,synthetic
365,3,39,20,1365,1,synthetic
366,36,18,19,1366,0,synthetic
367,48,13,14,1367,0,synthetic
368,9,34,15,1368,1,synthetic
369,4,14,15,1369,0,synthetic
370,16,38,19,1370,1,synthetic
371,30,7,8,1371,0,synthetic
372,21,5,6,1372,0,synthetic
373,31,8,9,1373,1,synthetic
374,6,31,12,1374,0,synthetic
375,7,35,16,1375,0,synthetic
376,39,32,13,1376,1,synthetic
377,37,1,2,1377,1,synthetic
378,8,29,10,1378,0,synthetic
379,38,40,1,1379,1,synthetic
380,1,17,18,1380,1,synthetic
381,39,18,19,1381,1,synthetic
382,41,12,13,1382,1,synthetic
383,33,31,12,1383,1,synthetic
384,42,20,1,1384,1,synthetic
385,35,16,17,1385,1,synthetic
386,18,36,17,1386,1,synthetic
387,41,29,10,1387,0,synthetic
388,49,12,13,1388,1,synthetic
389,1,21,2,1389,1,synthetic
390,32,11,12,1390,0,synthetic
391,5,28,9,1391,1,synthetic
392,7,29,10,1392,1,synthetic
393,41,35,16,1393,0,synthetic
394,13,7,8,1394,0,synthetic
395,14,20,1,1395,1,synthetic
396,21,34,15,1396,1,synthetic
397,7,20,1,397,0,synthetic
398,37,10,11,1398,1,synthetic
399,11,13,14,1399,1,synthetic
400,11,11,12,1400,0,synthetic
401,21,34,15,1401,1,synthetic
402,42,39,20,1402,1,synthetic
403,50,18,19,1403,0,synthetic
404,17,31,12,1404,1,synthetic
405,24,10,11,1405,1,synthetic
406,22,23,4,1406,1,synthetic
407,29,20,1,407,1,synthetic
408,37,26,7,1408,1,synthetic
409,1,26,7,1409,0,synthetic
410,27,23,4,1410,0,synthetic
411,30,18,19,1411,0,synthetic
412,46,13,14,1412,0,synthetic
413,43,17,18,1413,1,synthetic
414,24,2,3,1414,1,synthetic
415,28,25,6,1415,1,synthetic
416,36,36,17,1416,0,synthetic
417,14,40,1,1417,1,synthetic
418,18,7,8,1418,0,synthetic
419,16,11,12,1419,1,synthetic
420,47,31,12,1420,1,synthetic
421,3,25,6,1421,1,synthetic
422,16,18,19,1422,1,synthetic
423,4,7,8,1423,0,synthetic
424,41,22,3,1424,1,synthetic
425,35,24,5,1425,1,synthetic
426,19,8,9,1426,1,synthetic
427,9,5,6,1427,1,synthetic
428,50,27,8,1428,0,synthetic
429,10,38,19,1429,1,synthetic
430,37,13,14,1430,0,synthetic
431,29,16,17,1431,1,synthetic
432,37,35,16,1432,1,synthetic
433,36,34,15,1433,1,synthetic
434,45,2,3,1434,0,synthetic
435,50,5,6,1435,1,synthetic
436,24,29,10,1436,0,synthetic
437,12,21,2,437,1,synthetic
438,15,30,11,1438,1,synthetic
439,22,13,14,1439,1,synthetic
440,17,39,20,1440,0,synthetic
441,9,8,9,1441,1,synthetic
442,28,26,7,1442,1,synthetic
443,4,34,15,1443,0,synthetic
444,33,24,5,1444,0,synthetic
445,37,28,9,1445,0,synthetic
446,33,21,2,1446,1,synthetic
447,19,37,18,1447,1,synthetic
448,41,5,6,1448,0,synthetic
449,37,6,7,1449,0,synthetic
450,35,11,12,1450,0,synthetic
451,37,30,11,1451,0,synthetic
452,49,5,6,1452,1,synthetic
453,18,30,11,1453,1,synthetic
454,48,10,11,1454,1,synthetic
455,5,12,13,1455,1,synthetic
456,30,34,15,1456,1,synthetic
457,2,26,7,1457,1,synthetic
458,1,40,1,458,1,synthetic
459,2,1,2,459,0,synthetic
460,21,28,9,1460,0,synthetic
461,17,15,16,1461,1,synthetic
462,35,30,11,1462,0,synthetic
463,50,37,18,1463,1,synthetic
464,46,37,18,1464,0,synthetic
465,13,10,11,1465,0,synthetic
466,20,12,13,1466,0,synthetic
467,2,35,16,1467,0,synthetic
468,50,9,10,1468,1,synthetic
469,5,21,2,1469,1,synthetic
470,15,14,15,1470,0,synthetic
471,20,11,12,1471,1,synthetic
472,18,15,16,1472,0,synthetic
473,50,23,4,1473,0,synthetic
474,9,29,10,1474,0,synthetic
475,25,2,3,1475,1,synthetic
476,48,14,15,1476,1,synthetic
477,4,29,10,1477,1,synthetic
478,26,13,14,1478,0,synthetic
479,50,25,6,1479,0,synthetic
480,6,12,13,1480,0,synthetic
481,11,14,15,1481,0,synthetic
482,32,39,20,1482,1,synthetic
483,48,21,2,483,1,synthetic
484,13,14,15,1484,0,synthetic
485,33,24,5,1485,1,synthetic
486,17,33,14,1486,0,synthetic
487,30,2,3,1487,0,synthetic
488,25,27,8,1488,1,synthetic
489,7,23,4,1489,1,synthetic
490,20,5,6,1490,1,synthetic
491,42,20,1,1491,0,synthetic
492,45,6,7,1492,1,synthetic
493,31,2,3,1493,1,synthetic
494,47,21,2,1494,0,synthetic
495,10,16,17,1495,0,synthetic
496,37,1,2,1496,0,synthetic
497,34,10,11,1497,0,synthetic
498,45,31,12,1498,0,synthetic
499,4,39,20,1499,0,synthetic
500,48,19,20,1500,1,synthetic
501,40,27,8,1501,0,synthetic
502,27,12,13,1502,0,synthetic
503,34,10,11,1503,0,synthetic
504,24,8,9,1504,0,synthetic
505,2,32,13,1505,0,synthetic
506,20,26,7,1506,1,synthetic
507,17,40,1,507,1,synthetic
508,2,2,3,1508,1,synthetic
509,2,31,12,1509,0,synthetic
510,48,10,11,1510,1,synthetic
511,3,35,16,1511,1,synthetic
512,49,39,20,1512,0,synthetic
513,11,7,8,1513,0,synthetic
514,23,15,16,1514,0,synthetic
515,27,5,6,1515,0,synthetic
516,31,30,11,1516,1,synthetic
517,35,29,10,1517,0,synthetic
518,39,1,2,1518,1,synthetic
519,31,31,12,1519,1,synthetic
520,9,21,2,1520,1,synthetic
521,40,7,8,1521,1,synthetic
522,32,37,18,1522,0,synthetic
523,9,15,16,1523,0,synthetic
524,10,15,16,1524,0,synthetic
525,48,7,8,1525,1,synthetic
526,19,40,1,526,0,synthetic
527,16,15,16,1527,1,synthetic
528,12,20,1,1528,1,synthetic
529,46,30,11,1529,1,synthetic
530,49,9,10,1530,1,synthetic
531,28,24,5,1531,0,synthetic
532,38,3,4,1532,1,synthetic
533,41,4,5,1533,0,synthetic
534,12,1,2,534,0,synthetic
535,41,3,4,1535,0,synthetic
536,11,26,7,1536,1,synthetic
537,1,37,18,1537,1,synthetic
538,31,23,4,1538,0,synthetic
539,41,37,18,1539,1,synthetic
540,29,14,15,1540,1,synthetic
541,40,17,18,1541,1,synthetic
542,8,18,19,1542,1,synthetic
543,22,12,13,1543,1,synthetic
544,22,32,13,1544,1,synthetic
545,43,7,8,1545,1,synthetic
546,49,34,15,1546,1,synthetic
547,5,24,5,1547,1,synthetic
548,42,2,3,1548,0,synthetic
549,7,15,16,1549,1,synthetic
550,8,8,9,1550,1,synthetic
551,9,23,4,1551,1,synthetic
552,29,28,9,1552,0,synthetic
553,33,12,13,1553,1,synthetic
554,33,13,14,1554,0,synthetic
555,44,15,16,1555,0,synthetic
556,13,23,4,1556,0,synthetic
557,37,34,15,1557,0,synthetic
558,35,24,5,1558,0,synthetic
559,45,34,15,1559,0,synthetic
560,24,11,12,1560,0,synthetic
561,44,11,12,1561,0,synthetic
562,49,10,11,1562,1,synthetic
563,13,18,19,1563,0,synthetic
564,26,19,20,1564,1,synthetic
565,34,27,8,1565,1,synthetic
566,30,21,2,566,0,synthetic
567,47,20,1,567,0,synthetic
568,5,17,18,1568,1,synthetic
569,14,40,1,1569,0,synthetic
570,4,27,8,1570,0,synthetic
571,10,31,12,1571,0,synthetic
572,49,16,17,1572,1,synthetic
573,11,27,8,1573,1,synthetic
574,38,13,14,1574,0,synthetic
575,23,5,6,1575,0,synthetic
576,18,9,10,1576,1,synthetic
577,8,38,19,1577,0,synthetic
578,14,29,10,1578,0,synthetic
579,44,18,19,1579,1,synthetic
580,1,8,9,1580,1,synthetic
581,34,7,8,1581,1,synthetic
582,15,29,10,1582,1,synthetic
583,8,35,16,1583,1,synthetic
584,10,5,6,1584,1,synthetic
585,18,3,4,1585,1,synthetic
586,17,8,9,1586,1,synthetic
587,28,38,19,1587,0,synthetic
588,46,32,13,1588,1,synthetic
589,15,34,15,1589,0,synthetic
590,6,39,20,1590,1,synthetic
591,16,32,13,1591,1,synthetic
592,27,4,5,1592,0,synthetic
593,50,18,19,1593,1,synthetic
594,17,33,14,1594,1,synthetic
595,27,17,18,1595,1,synthetic
596,6,1,2,596,0,synthetic
597,46,32,13,1597,0,synthetic
598,38,32,13,1598,0,synthetic
599,38,28,9,1599,1,synthetic
600,7,32,13,1600,1,synthetic
601,39,34,15,1601,1,synthetic
602,3,39,20,1602,0,synthetic
603,38,7,8,1603,0,synthetic
604,8,16,17,1604,1,synthetic
605,38,39,20,1605,1,synthetic
606,26,3,4,1606,1,synthetic
607,42,29,10,1607,1,synthetic
608,37,34,15,1608,0,synthetic
609,26,28,9,1609,0,synthetic
610,14,37,18,1610,0,synthetic
611,2,22,3,1611,0,synthetic
612,19,27,8,1612,0,synthetic
613,47,30,11,1613,1,synthetic
614,23,23,4,1614,1,synthetic
615,16,18,19,1615,1,synthetic
616,4,21,2,616,1,synthetic
617,45,17,18,1617,0,synthetic
618,14,36,17,1618,1,synthetic
619,48,26,7,1619,1,synthetic
620,50,12,13,1620,1,synthetic
621,6,22,3,1621,1,synthetic
622,40,35,16,1622,0,synthetic
623,21,20,1,623,0,synthetic
624,47,6,7,1624,1,synthetic
625,21,40,1,625,1,synthetic
626,41,12,13,1626,1,synthetic
627,13,17,18,1627,1,synthetic
628,23,22,3,1628,1,synthetic
629,24,11,12,1629,0,synthetic
630,21,2,3,1630,0,synthetic
631,13,38,19,1631,1,synthetic
632,33,36,17,1632,1,synthetic
633,49,36,17,1633,0,synthetic
634,26,40,1,1634,0,synthetic
635,13,6,7,1635,0,synthetic
636,46,39,20,1636,1,synthetic
637,17,10,11,1637,1,synthetic
638,35,23,4,1638,1,synthetic
639,9,25,6,1639,0,synthetic
640,48,19,20,1640,0,synthetic
641,21,15,16,1641,1,synthetic
642,3,16,17,1642,0,synthetic
643,43,18,19,1643,0,synthetic
644,32,15,16,1644,0,synthetic
645,16,15,16,1645,1,synthetic
646,42,14,15,1646,0,synthetic
647,1,19,20,1647,0,synthetic
648,2,40,1,1648,1,synthetic
649,29,27,8,1649,0,synthetic
650,27,12,13,1650,1,synthetic
651,41,37,18,1651,1,synthetic
652,48,17,18,1652,1,synthetic
653,17,28,9,1653,1,synthetic
654,24,16,17,1654,1,synthetic
655,35,23,4,1655,0,synthetic
656,45,9,10,1656,1,synthetic
657,45,16,17,1657,0,synthetic
658,7,33,14,1658,1,synthetic
659,35,21,2,1659,0,synthetic
660,39,15,16,1660,1,synthetic
661,46,36,17,1661,0,synthetic
662,30,18,19,1662,0,synthetic
663,30,40,1,1663,1,synthetic
664,32,38,19,1664,1,synthetic
665,5,11,12,1665,0,synthetic
666,36,29,10,1666,0,synthetic
667,23,31,12,1667,0,synthetic
668,5,23,4,1668,0,synthetic
669,47,18,19,1669,1,synthetic
670,47,2,3,1670,1,synthetic
671,28,9,10,1671,1,synthetic
672,14,29,10,1672,1,synthetic
673,35,20,1,673,1,synthetic
674,15,37,18,1674,1,synthetic
675,10,35,16,1675,1,synthetic
676,1,40,1,676,0,synthetic
677,46,23,4,1677,0,synthetic
678,50,5,6,1678,0,synthetic
679,34,27,8,1679,0,synthetic
680,47,13,14,1680,0,synthetic
681,39,12,13,1681,0,synthetic
682,2,32,13,1682,0,synthetic
683,22,6,7,1683,0,synthetic
684,26,37,18,1684,1,synthetic
685,27,25,6,1685,1,synthetic
686,9,22,3,1686,0,synthetic
687,7,20,1,687,1,synthetic
688,12,28,9,1688,1,synthetic
689,32,6,7,1689,0,synthetic
690,17,26,7,1690,0,synthetic
691,15,23,4,1691,0,synthetic
692,22,29,10,1692,0,synthetic
693,34,17,18,1693,0,synthetic
694,39,4,5,1694,0,synthetic
695,44,24,5,1695,0,synthetic
696,11,1,2,1696,0,synthetic
697,1,21,2,1697,1,synthetic
698,20,2,3,1698,1,synthetic
699,5,12,13,1699,0,synthetic
700,41,40,1,700,1,synthetic
701,12,35,16,1701,0,synthetic
702,23,7,8,1702,0,synthetic
703,39,24,5,1703,0,synthetic
704,29,12,13,1704,0,synthetic
705,29,2,3,1705,0,synthetic
706,35,8,9,1706,1,synthetic
707,19,7,8,1707,1,synthetic
708,44,12,13,1708,0,synthetic
709,7,32,13,1709,0,synthetic
710,39,10,11,1710,1,synthetic
711,30,36,17,1711,1,synthetic
712,29,8,9,1712,0,synthetic
713,22,16,17,1713,1,synthetic
714,10,16,17,1714,1,synthetic
715,13,26,7,1715,0,synthetic
716,23,4,5,1716,1,synthetic
717,43,38,19,1717,0,synthetic
718,34,6,7,1718,1,synthetic
719,34,37,18,1719,1,synthetic
720,49,35,16,1720,0,synthetic
721,19,21,2,1721,0,synthetic
722,29,13,14,1722,1,synthetic
723,41,28,9,1723,1,synthetic
724,28,25,6,1724,0,synthetic
725,32,2,3,1725,1,synthetic
726,7,21,2,1726,1,synthetic
727,40,25,6,1727,1,synthetic
728,32,19,20,1728,0,synthetic
729,34,3,4,1729,0,synthetic
730,6,20,1,1730,0,synthetic
731,42,21,2,731,0,synthetic
732,35,2,3,1732,0,synthetic
733,20,25,6,1733,0,synthetic
734,23,35,16,1734,0,synthetic
735,44,28,9,1735,0,synthetic
736,33,24,5,1736,0,synthetic
737,14,7,8,1737,1,synthetic
738,12,15,16,1738,1,synthetic
739,5,14,15,1739,1,synthetic
740,14,37,18,1740,0,synthetic
741,3,25,6,1741,0,synthetic
742,45,8,9,1742,1,synthetic
743,1,16,17,1743,1,synthetic
744,12,25,6,1744,0,synthetic
745,24,26,7,1745,0,synthetic
746,10,10,11,1746,0,synthetic
747,40,17,18,1747,1,synthetic
748,44,37,18,1748,1,synthetic
749,14,18,19,1749,1,synthetic
750,45,1,2,1750,1,synthetic
751,27,25,6,1751,1,synthetic
752,13,32,13,1752,1,synthetic
753,39,1,2,1753,1,synthetic
754,3,29,10,1754,0,synthetic
755,43,15,16,1755,0,synthetic
756,41,8,9,1756,0,synthetic
757,11,32,13,1757,0,synthetic
758,12,35,16,1758,1,synthetic
759,11,17,18,1759,1,synthetic
760,19,35,16,1760,1,synthetic
761,19,37,18,1761,1,synthetic
762,7,8,9,1762,1,synthetic
763,13,6,7,1763,1,synthetic
764,13,9,10,1764,0,synthetic
765,31,31,12,1765,0,synthetic
766,8,15,16,1766,0,synthetic
767,25,12,13,1767,0,synthetic
768,49,5,6,1768,0,synthetic
769,28,40,1,1769,1,synthetic
770,29,10,11,1770,1,synthetic
771,39,3,4,1771,0,synthetic
772,50,14,15,1772,1,synthetic
773,3,37,18,1773,0,synthetic
774,10,22,3,1774,1,synthetic
775,12,23,4,1775,1,synthetic
776,13,4,5,1776,1,synthetic
777,25,10,11,1777,1,synthetic
778,33,5,6,1778,0,synthetic
779,12,13,14,1779,1,synthetic
780,43,29,10,1780,0,synthetic
781,29,5,6,1781,0,synthetic
782,39,34,15,1782,1,synthetic
783,36,11,12,1783,0,synthetic
784,36,21,2,784,0,synthetic
785,8,5,6,1785,1,synthetic
786,34,35,16,1786,0,synthetic
787,40,11,12,1787,1,synthetic
788,24,3,4,1788,0,synthetic
789,7,15,16,1789,0,synthetic
790,25,1,2,1790,0,synthetic
791,25,37,18,1791,0,synthetic
792,15,3,4,1792,0,synthetic
793,2,31,12,1793,1,synthetic
794,19,40,1,794,1,synthetic
795,29,16,17,1795,1,synthetic
796,40,17,18,1796,1,synthetic
797,41,30,11,1797,1,synthetic
798,10,30,11,1798,1,synthetic
799,15,10,11,1799,1,synthetic
800,41,12,13,1800,1,synthetic
801,17,11,12,1801,1,synthetic
802,48,2,3,1802,1,synthetic
803,20,10,11,1803,0,synthetic
804,30,27,8,1804,0,synthetic
805,26,9,10,1805,1,synthetic
806,14,26,7,1806,1,synthetic
807,27,30,11,1807,1,synthetic
808,29,25,6,1808,1,synthetic
809,24,22,3,1809,1,synthetic
810,43,26,7,1810,0,synthetic
811,47,34,15,1811,0,synthetic
812,16,14,15,1812,0,synthetic
813,37,13,14,1813,1,synthetic
814,30,36,17,1814,1,synthetic
815,24,20,1,1815,0,synthetic
816,26,10,11,1816,1,synthetic
817,7,35,16,1817,1,synthetic
818,20,40,1,1818,1,synthetic
819,4,13,14,1819,0,synthetic
820,22,36,17,1820,0,synthetic
821,43,25,6,1821,1,synthetic
822,12,29,10,1822,0,synthetic
823,45,14,15,1823,1,synthetic
824,37,12,13,1824,1,synthetic
825,48,37,18,1825,0,synthetic
826,42,26,7,1826,0,synthetic
827,10,27,8,1827,1,synthetic
828,30,16,17,1828,0,synthetic
829,49,32,13,1829,1,synthetic
830,40,40,1,1830,0,synthetic
831,44,7,8,1831,0,synthetic
832,6,2,3,1832,0,synthetic
833,4,22,3,1833,0,synthetic
834,21,23,4,1834,0,synthetic
835,48,10,11,1835,0,synthetic
836,20,5,6,1836,1,synthetic
837,40,21,2,837,1,synthetic
838,31,22,3,1838,0,synthetic
839,19,20,1,839,0,synthetic
840,36,11,12,1840,0,synthetic
841,11,27,8,1841,0,synthetic
842,35,40,1,842,1,synthetic
843,11,36,17,1843,1,synthetic
844,45,18,19,1844,0,synthetic
845,8,10,11,1845,1,synthetic
846,7,3,4,1846,0,synthetic
847,25,31,12,1847,1,synthetic
848,31,11,12,1848,0,synthetic
849,38,24,5,1849,1,synthetic
850,38,37,18,1850,0,synthetic
851,29,2,3,1851,1,synthetic
852,43,37,18,1852,1,synthetic
853,22,6,7,1853,1,synthetic
854,5,12,13,1854,0,synthetic
855,40,20,1,1855,1,synthetic
856,10,8,9,1856,0,synthetic
857,41,21,2,1857,1,synthetic
858,46,6,7,1858,1,synthetic
859,39,32,13,1859,0,synthetic
860,40,38,19,1860,1,synthetic
861,11,24,5,1861,1,synthetic
862,13,33,14,1862,1,synthetic
863,34,2,3,1863,1,synthetic
864,21,11,12,1864,0,synthetic
865,42,16,17,1865,1,synthetic
866,17,29,10,1866,1,synthetic
867,22,3,4,1867,1,synthetic
868,48,30,11,1868,0,synthetic
869,22,36,17,1869,0,synthetic
870,9,40,1,870,0,synthetic
871,48,37,18,1871,0,synthetic
872,20,25,6,1872,0,synthetic
873,31,25,6,1873,1,synthetic
874,3,18,19,1874,1,synthetic
875,22,24,5,1875,1,synthetic
876,27,22,3,1876,0,synthetic
877,23,17,18,1877,0,synthetic
878,32,19,20,1878,1,synthetic
879,6,29,10,1879,0,synthetic
880,43,21,2,1880,0,synthetic
881,2,9,10,1881,0,synthetic
882,16,5,6,1882,0,synthetic
883,24,5,6,1883,0,synthetic
884,37,16,17,1884,0,synthetic
885,5,1,2,1885,0,synthetic
886,48,22,3,1886,0,synthetic
887,10,38,19,1887,1,synthetic
888,41,22,3,1888,0,synthetic
889,40,8,9,1889,0,synthetic
890,46,9,10,1890,0,synthetic
891,48,6,7,1891,0,synthetic
892,6,6,7,1892,0,synthetic
893,28,15,16,1893,0,synthetic
894,4,6,7,1894,1,synthetic
895,21,34,15,1895,0,synthetic
896,31,13,14,1896,1,synthetic
897,39,12,13,1897,1,synthetic
898,19,38,19,1898,0,synthetic
899,29,12,13,1899,0,synthetic
900,6,12,13,1900,0,synthetic
901,17,10,11,1901,0,synthetic
902,45,8,9,1902,0,synthetic
903,13,12,13,1903,1,synthetic
904,49,15,16,1904,0,synthetic
905,26,38,19,1905,1,synthetic
906,39,27,8,1906,1,synthetic
907,14,28,9,1907,1,synthetic
908,23,16,17,1908,0,synthetic
909,42,17,18,1909,1,synthetic
910,49,11,12,1910,0,synthetic
911,4,5,6,1911,1,synthetic
912,23,4,5,1912,1,synthetic
913,6,29,10,1913,0,synthetic
914,48,6,7,1914,1,synthetic
915,38,24,5,1915,0,synthetic
916,37,17,18,1916,1,synthetic
917,29,23,4,1917,1,synthetic
918,24,32,13,1918,1,synthetic
919,49,32,13,1919,1,synthetic
920,35,13,14,1920,0,synthetic
921,38,11,12,1921,0,synthetic
922,45,23,4,1922,1,synthetic
923,30,30,11,1923,1,synthetic
924,26,30,11,1924,1,synthetic
925,29,10,11,1925,0,synthetic
926,48,25,6,1926,1,synthetic
927,2,9,10,1927,1,synthetic
928,25,10,11,1928,1,synthetic
929,24,1,2,929,1,synthetic
930,43,12,13,1930,0,synthetic
931,38,12,13,1931,0,synthetic
932,7,2,3,1932,1,synthetic
933,31,10,11,1933,1,synthetic
934,22,13,14,1934,0,synthetic
935,32,26,7,1935,0,synthetic
936,20,36,17,1936,1,synthetic
937,15,13,14,1937,1,synthetic
938,39,32,13,1938,1,synthetic
939,28,11,12,1939,1,synthetic
940,43,4,5,1940,1,synthetic
941,7,5,6,1941,1,synthetic
942,46,31,12,1942,1,synthetic
943,10,16,17,1943,1,synthetic
944,14,27,8,1944,1,synthetic
945,1,20,1,945,0,synthetic
946,22,20,1,1946,1,synthetic
947,40,8,9,1947,0,synthetic
948,34,19,20,1948,1,synthetic
949,47,24,5,1949,0,synthetic
950,24,37,18,1950,1,synthetic
951,5,2,3,1951,1,synthetic
952,24,27,8,1952,0,synthetic
953,14,21,2,953,0,synthetic
954,21,31,12,1954,1,synthetic
955,36,22,3,1955,1,synthetic
956,45,13,14,1956,0,synthetic
957,21,37,18,1957,0,synthetic
958,46,38,19,1958,0,synthetic
959,16,32,13,1959,1,synthetic
960,2,21,2,960,0,synthetic
961,25,10,11,1961,1,synthetic
962,6,34,15,1962,1,synthetic
963,30,39,20,1963,1,synthetic
964,5,29,10,1964,1,synthetic
965,50,13,14,1965,1,synthetic
966,46,10,11,1966,1,synthetic
967,50,4,5,1967,1,synthetic
968,16,15,16,1968,0,synthetic
969,21,23,4,1969,1,synthetic
970,36,10,11,1970,1,synthetic
971,21,32,13,1971,1,synthetic
972,39,35,16,1972,0,synthetic
973,42,13,14,1973,0,synthetic
974,19,4,5,1974,0,synthetic
975,34,33,14,1975,1,synthetic
976,16,25,6,1976,1,synthetic
977,45,1,2,1977,1,synthetic
978,17,14,15,1978,0,synthetic
979,19,2,3,1979,0,synthetic
980,42,27,8,1980,0,synthetic
981,24,30,11,1981,0,synthetic
982,29,25,6,1982,0,synthetic
983,39,29,10,1983,1,synthetic
984,7,18,19,1984,1,synthetic
985,18,13,14,1985,1,synthetic
986,19,11,12,1986,0,synthetic
987,21,2,3,1987,0,synthetic
988,4,21,2,988,1,synthetic
989,24,10,11,1989,1,synthetic
990,47,25,6,1990,0,synthetic
991,41,28,9,1991,1,synthetic
992,26,12,13,1992,1,synthetic
993,40,3,4,1993,1,synthetic
994,21,37,18,1994,0,synthetic
995,33,4,5,1995,0,synthetic
996,32,5,6,1996,0,synthetic
997,9,10,11,1997,0,synthetic
998,34,11,12,1998,0,synthetic
999,6,24,5,1999,1,synthetic
1000,22,6,7,2000,1,synthetic
1001,22,5,6,2001,1,synthetic
1002,26,35,16,2002,0,synthetic
1003,34,27,8,2003,1,synthetic
1004,45,10,11,2004,0,synthetic
1005,14,29,10,2005,0,synthetic
1006,8,17,18,2006,0,synthetic
1007,16,4,5,2007,0,synthetic
1008,4,15,16,2008,1,synthetic
1009,3,3,4,2009,0,synthetic
1010,49,15,16,2010,0,synthetic
1011,9,33,14,2011,1,synthetic
1012,21,25,6,2012,1,synthetic
1013,2,33,14,2013,1,synthetic
1014,32,2,3,2014,1,synthetic
1015,36,5,6,2015,0,synthetic
1016,13,38,19,2016,0,synthetic
1017,14,15,16,2017,1,synthetic
1018,1,23,4,2018,0,synthetic
1019,38,24,5,2019,0,synthetic
1020,26,14,15,2020,0,synthetic
1021,35,1,2,2021,1,synthetic
1022,18,36,17,2022,1,synthetic
1023,33,25,6,2023,0,synthetic
1024,13,39,20,2024,1,synthetic
1025,22,13,14,2025,1,synthetic
1026,17,26,7,2026,0,synthetic
1027,42,19,20,2027,1,synthetic
1028,2,29,10,2028,1,synthetic
1029,14,12,13,2029,0,synthetic
1030,3,25,6,2030,0,synthetic
1031,48,14,15,2031,0,synthetic
1032,49,37,18,2032,1,synthetic
1033,45,14,15,2033,1,synthetic
1034,24,30,11,2034,0,synthetic
1035,42,15,16,2035,1,synthetic
1036,14,33,14,2036,0,synthetic
1037,20,1,2,1037,0,synthetic
1038,12,22,3,2038,0,synthetic
1039,32,25,6,2039,1,synthetic
1040,30,26,7,2040,0,synthetic
1041,32,31,12,2041,1,synthetic
1042,43,16,17,2042,0,synthetic
1043,40,7,8,2043,0,synthetic
1044,2,40,1,2044,0,synthetic
1045,1,18,19,2045,0,synthetic
1046,20,29,10,2046,1,synthetic
1047,47,37,18,2047,0,synthetic
1048,7,4,5,2048,1,synthetic
1049,14,13,14,2049,1,synthetic
1050,48,24,5,2050,0,synthetic
1051,18,27,8,2051,0,synthetic
1052,20,3,4,2052,0,synthetic
1053,20,10,11,2053,1,synthetic
1054,30,14,15,2054,0,synthetic
1055,41,2,3,2055,1,synthetic
1056,12,1,2,1056,0,synthetic
1057,6,16,17,2057,1,synthetic
1058,38,36,17,2058,1,synthetic
1059,18,2,3,2059,1,synthetic
1060,5,10,11,2060,0,synthetic
1061,5,26,7,2061,1,synthetic
1062,2,3,4,2062,1,synthetic
1063,28,30,11,2063,1,synthetic
1064,12,1,2,1064,0,synthetic
1065,43,5,6,2065,1,synthetic
1066,46,19,20,2066,1,synthetic
1067,13,18,19,2067,0,synthetic
1068,43,18,19,2068,0,synthetic
1069,16,29,10,2069,0,synthetic
1070,42,3,4,2070,1,synthetic
1071,36,32,13,2071,0,synthetic
1072,46,4,5,2072,1,synthetic
1073,24,6,7,2073,1,synthetic
1074,30,31,12,2074,0,synthetic
1075,24,24,5,2075,0,synthetic
1076,21,23,4,2076,1,synthetic
1077,12,38,19,2077,1,synthetic
1078,24,30,11,2078,1,synthetic
1079,50,19,20,2079,0,synthetic
1080,44,32,13,2080,1,synthetic
1081,24,28,9,2081,0,synthetic
1082,39,17,18,2082,0,synthetic
1083,22,23,4,2083,1,synthetic
1084,29,35,16,2084,0,synthetic
1085,3,22,3,2085,0,synthetic
1086,39,22,3,2086,0,synthetic
1087,37,9,10,2087,0,synthetic
1088,45,26,7,2088,0,synthetic
1089,27,8,9,2089,0,synthetic
1090,34,7,8,2090,0,synthetic
1091,17,36,17,2091,0,synthetic
1092,48,15,16,2092,1,synthetic
1093,32,8,9,2093,1,synthetic
1094,47,24,5,2094,1,synthetic
1095,34,26,7,2095,0,synthetic
1096,37,23,4,2096,1,synthetic
1097,45,7,8,2097,0,synthetic
1098,41,30,11,2098,0,synthetic
1099,45,13,14,2099,0,synthetic
1100,33,7,8,2100,1,synthetic
1101,10,5,6,2101,1,synthetic
1102,16,26,7,2102,1,synthetic
1103,14,35,16,2103,0,synthetic
1104,13,2,3,2104,0,synthetic
1105,2,19,20,2105,0,synthetic
1106,14,12,13,2106,0,synthetic
1107,5,17,18,2107,1,synthetic
1108,8,28,9,2108,1,synthetic
1109,43,26,7,2109,0,synthetic
1110,45,39,20,2110,1,synthetic
1111,22,25,6,2111,1,synthetic
1112,14,20,1,2112,1,synthetic
1113,40,38,19,2113,1,synthetic
1114,41,40,1,1114,0,synthetic
1115,44,32,13,2115,0,synthetic
1116,32,21,2,1116,1,synthetic
1117,2,17,18,2117,1,synthetic
1118,25,35,16,2118,0,synthetic
1119,28,38,19,2119,1,synthetic
1120,44,32,13,2120,0,synthetic
1121,25,3,4,2121,1,synthetic
1122,49,6,7,2122,1,synthetic
1123,17,35,16,2123,0,synthetic
1124,6,16,17,2124,0,synthetic
1125,30,25,6,2125,1,synthetic
1126,16,39,20,2126,1,synthetic
1127,3,21,2,2127,1,synthetic
1128,36,29,10,2128,0,synthetic
1129,40,27,8,2129,0,synthetic
1130,1,9,10,2130,0,synthetic
1131,33,29,10,2131,0,synthetic
1132,33,12,13,2132,1,synthetic
1133,18,37,18,2133,1,synthetic
1134,35,4,5,2134,1,synthetic
1135,38,8,9,2135,1,synthetic
1136,12,29,10,2136,1,synthetic
1137,11,3,4,2137,1,synthetic
1138,39,22,3,2138,1,synthetic
1139,8,10,11,2139,0,synthetic
1140,13,31,12,2140,1,synthetic
1141,16,1,2,1141,1,synthetic
1142,50,12,13,2142,1,synthetic
1143,3,20,1,1143,0,synthetic
1144,15,22,3,2144,1,synthetic
1145,15,29,10,2145,0,synthetic
1146,7,11,12,2146,0,synthetic
1147,9,39,20,2147,0,synthetic
1148,29,32,13,2148,1,synthetic
1149,45,28,9,2149,0,synthetic
1150,46,34,15,2150,1,synthetic
1151,41,35,16,2151,0,synthetic
1152,27,31,12,2152,0,synthetic
1153,18,28,9,2153,1,synthetic
1154,5,5,6,2154,0,synthetic
1155,17,23,4,2155,1,synthetic
1156,26,33,14,2156,0,synthetic
1157,9,8,9,2157,0,synthetic
1158,11,6,7,2158,0,synthetic
1159,43,13,14,2159,1,synthetic
1160,43,35,16,2160,1,synthetic
1161,36,17,18,2161,1,synthetic
1162,5,12,13,2162,1,synthetic
1163,8,36,17,2163,0,synthetic
1164,15,13,14,2164,0,synthetic
1165,20,9,10,2165,1,synthetic
1166,1,24,5,2166,0,synthetic
1167,33,1,2,2167,0,synthetic
1168,34,18,19,2168,0,synthetic
1169,20,9,10,2169,1,synthetic
1170,16,31,12,2170,0,synthetic
1171,13,31,12,2171,1,synthetic
1172,31,14,15,2172,0,synthetic
1173,12,25,6,2173,0,synthetic
1174,10,9,10,2174,0,synthetic
1175,49,5,6,2175,1,synthetic
1176,33,5,6,2176,0,synthetic
1177,16,27,8,2177,1,synthetic
1178,15,17,18,2178,1,synthetic
1179,4,28,9,2179,0,synthetic
1180,21,26,7,2180,0,synthetic
1181,13,24,5,2181,1,synthetic
1182,29,39,20,2182,0,synthetic
1183,48,9,10,2183,1,synthetic
1184,40,33,14,2184,1,synthetic
1185,42,11,12,2185,0,synthetic
1186,39,34,15,2186,1,synthetic
1187,32,5,6,2187,1,synthetic
1188,39,2,3,2188,1,synthetic
1189,5,36,17,2189,0,synthetic
1190,46,10,11,2190,0,synthetic
1191,24,18,19,2191,1,synthetic
1192,18,30,11,2192,1,synthetic
1193,20,35,16,2193,1,synthetic
1194,20,31,12,2194,1,synthetic
1195,25,38,19,2195,0,synthetic
1196,31,22,3,2196,0,synthetic
1197,45,32,13,2197,1,synthetic
1198,35,34,15,2198,0,synthetic
1199,17,18,19,2199,1,synthetic
1200,19,39,20,2200,0,synthetic
1201,21,21,2,2201,0,synthetic
1202,37,13,14,2202,1,synthetic
1203,20,13,14,2203,1,synthetic
1204,34,27,8,2204,1,synthetic
1205,17,39,20,2205,1,synthetic
1206,43,13,14,2206,0,synthetic
1207,50,19,20,2207,0,synthetic
1208,44,24,5,2208,1,synthetic
1209,14,30,11,2209,0,synthetic
1210,8,19,20,2210,0,synthetic
1211,14,39,20,2211,1,synthetic
1212,12,32,13,2212,1,synthetic
1213,16,26,7,2213,1,synthetic
1214,46,18,19,2214,1,synthetic
1215,35,22,3,2215,0,synthetic
1216,17,39,20,2216,0,synthetic
1217,17,8,9,2217,1,synthetic
1218,36,26,7,2218,0,synthetic
1219,5,13,14,2219,1,synthetic
1220,32,30,11,2220,1,synthetic
1221,33,37,18,2221,1,synthetic
1222,13,18,19,2222,0,synthetic
1223,28,32,13,2223,0,synthetic
1224,31,28,9,2224,1,synthetic
1225,21,8,9,2225,0,synthetic
1226,12,8,9,2226,1,synthetic
1227,49,4,5,2227,0,synthetic
1228,5,18,19,2228,0,synthetic
1229,36,35,16,2229,1,synthetic
1230,9,7,8,2230,1,synthetic
1231,14,3,4,2231,0,synthetic
1232,1,8,9,2232,1,synthetic
1233,40,18,19,2233,1,synthetic
1234,28,16,17,2234,0,synthetic
1235,15,40,1,1235,1,synthetic
1236,36,23,4,2236,0,synthetic
1237,10,2,3,2237,1,synthetic
1238,49,15,16,2238,0,synthetic
1239,25,14,15,2239,0,synthetic
1240,11,6,7,2240,1,synthetic
1241,32,8,9,2241,0,synthetic
1242,16,27,8,2242,0,synthetic
1243,16,30,11,2243,0,synthetic
1244,12,15,16,2244,1,synthetic
1245,7,1,2,2245,0,synthetic
1246,43,20,1,1246,1,synthetic
1247,38,39,20,2247,1,synthetic
1248,29,14,15,2248,0,synthetic
1249,7,6,7,2249,1,synthetic
1250,46,29,10,2250,1,synthetic
1251,10,25,6,2251,1,synthetic
1252,2,35,16,2252,1,synthetic
1253,14,32,13,2253,1,synthetic
1254,34,22,3,2254,1,synthetic
1255,2,32,13,2255,1,synthetic
1256,29,39,20,2256,0,synthetic
1257,24,10,11,2257,0,synthetic
1258,39,25,6,2258,0,synthetic
1259,26,14,15,2259,0,synthetic
1260,21,23,4,2260,1,synthetic
1261,18,16,17,2261,1,synthetic
1262,15,25,6,2262,1,synthetic
1263,2,37,18,2263,0,synthetic
1264,42,5,6,2264,1,synthetic
1265,46,2,3,2265,1,synthetic
1266,37,23,4,2266,1,synthetic
1267,25,2,3,2267,1,synthetic
1268,28,29,10,2268,1,synthetic
1269,6,28,9,2269,1,synthetic
1270,23,15,16,2270,1,synthetic
1271,24,17,18,2271,1,synthetic
1272,11,11,12,2272,0,synthetic
1273,38,34,15,2273,0,synthetic
1274,3,25,6,2274,1,synthetic
1275,4,15,16,2275,0,synthetic
1276,46,11,12,2276,0,synthetic
1277,40,36,17,2277,0,synthetic
1278,17,6,7,2278,1,synthetic
1279,29,10,11,2279,1,synthetic
1280,10,28,9,2280,1,synthetic
1281,12,15,16,2281,1,synthetic
1282,20,11,12,2282,0,synthetic
1283,15,6,7,2283,0,synthetic
1284,37,12,13,2284,1,synthetic
1285,36,31,12,2285,1,synthetic
1286,11,16,17,2286,0,synthetic
1287,13,39,20,2287,0,synthetic
1288,5,7,8,2288,1,synthetic
1289,12,35,16,2289,0,synthetic
1290,50,30,11,2290,1,synthetic
1291,47,12,13,2291,0,synthetic
1292,35,12,13,2292,0,synthetic
1293,1,21,2,2293,0,synthetic
1294,50,18,19,2294,0,synthetic
1295,33,33,14,2295,0,synthetic
1296,26,9,10,2296,0,synthetic
1297,4,31,12,2297,0,synthetic
1298,9,16,17,2298,1,synthetic
1299,37,18,19,2299,1,synthetic
1300,16,30,11,2300,0,synthetic
1301,46,8,9,2301,0,synthetic
1302,11,39,20,2302,0,synthetic
1303,5,25,6,2303,0,synthetic
1304,1,19,20,2304,1,synthetic
1305,34,32,13,2305,1,synthetic
1306,36,35,16,2306,1,synthetic
1307,34,30,11,2307,1,synthetic
1308,39,37,18,2308,1,synthetic
1309,49,17,18,2309,1,synthetic
1310,11,33,14,2310,1,synthetic
1311,9,3,4,2311,0,synthetic
1312,5,39,20,2312,1,synthetic
1313,20,8,9,2313,1,synthetic
1314,25,25,6,2314,1,synthetic
1315,24,2,3,2315,1,synthetic
1316,32,13,14,2316,0,synthetic
1317,14,28,9,2317,0,synthetic
1318,29,38,19,2318,0,synthetic
1319,42,20,1,2319,1,synthetic
1320,16,10,11,2320,0,synthetic
1321,15,29,10,2321,1,synthetic
1322,32,26,7,2322,1,synthetic
1323,46,30,11,2323,1,synthetic
1324,14,30,11,2324,0,synthetic
1325,27,4,5,2325,0,synthetic
1326,10,7,8,2326,1,synthetic
1327,24,4,5,2327,1,synthetic
1328,30,25,6,2328,1,synthetic
1329,5,39,20,2329,1,synthetic
1330,23,33,14,2330,1,synthetic
1331,3,31,12,2331,0,synthetic
1332,23,22,3,2332,0,synthetic
1333,20,33,14,2333,0,synthetic
1334,1,7,8,2334,0,synthetic
1335,48,36,17,2335,1,synthetic
1336,4,2,3,2336,0,synthetic
1337,41,34,15,2337,1,synthetic
1338,2,29,10,2338,1,synthetic
1339,22,40,1,2339,1,synthetic
1340,23,40,1,1340,1,synthetic
1341,19,24,5,2341,0,synthetic
1342,34,38,19,2342,0,synthetic
1343,29,32,13,2343,1,synthetic
1344,49,33,14,2344,0,synthetic
1345,43,36,17,2345,0,synthetic
1346,10,25,6,2346,1,synthetic
1347,43,29,10,2347,1,synthetic
1348,10,10,11,2348,0,synthetic
1349,6,40,1,2349,1,synthetic
1350,18,26,7,2350,0,synthetic
1351,3,3,4,2351,1,synthetic
1352,1,9,10,2352,0,synthetic
1353,27,37,18,2353,0,synthetic
1354,27,10,11,2354,1,synthetic
1355,36,37,18,2355,1,synthetic
1356,14,1,2,1356,0,synthetic
1357,11,3,4,2357,1,synthetic
1358,47,31,12,2358,0,synthetic
1359,15,30,11,2359,0,synthetic
1360,44,32,13,2360,0,synthetic
1361,6,30,11,2361,1,synthetic
1362,40,24,5,2362,1,synthetic
1363,17,37,18,2363,1,synthetic
1364,41,21,2,2364,0,synthetic
1365,43,38,19,2365,1,synthetic
1366,39,16,17,2366,0,synthetic
1367,2,28,9,2367,1,synthetic
1368,18,22,3,2368,1,synthetic
1369,32,26,7,2369,0,synthetic
1370,38,20,1,2370,1,synthetic
1371,7,10,11,2371,0,synthetic
1372,15,16,17,2372,1,synthetic
1373,10,7,8,2373,1,synthetic
1374,27,26,7,2374,1,synthetic
1375,37,22,3,2375,1,synthetic
1376,6,16,17,2376,0,synthetic
1377,40,31,12,2377,0,synthetic
1378,50,21,2,1378,0,synthetic
1379,28,26,7,2379,1,synthetic
1380,10,27,8,2380,1,synthetic
1381,2,22,3,2381,1,synthetic
1382,8,20,1,2382,0,synthetic
1383,32,32,13,2383,1,synthetic
1384,38,14,15,2384,1,synthetic
1385,28,16,17,2385,1,synthetic
1386,16,40,1,2386,0,synthetic
1387,22,11,12,2387,1,synthetic
1388,38,25,6,2388,0,synthetic
1389,7,6,7,2389,0,synthetic
1390,48,1,2,1390,0,synthetic
1391,35,28,9,2391,1,synthetic
1392,6,10,11,2392,0,synthetic
1393,1,31,12,2393,0,synthetic
1394,3,9,10,2394,1,synthetic
1395,24,23,4,2395,0,synthetic
1396,3,11,12,2396,1,synthetic
1397,22,7,8,2397,0,synthetic
1398,38,6,7,2398,0,synthetic
1399,40,1,2,1399,0,synthetic
1400,11,26,7,2400,1,synthetic
1401,7,18,19,2401,1,synthetic
1402,40,34,15,2402,0,synthetic
1403,40,19,20,2403,0,synthetic
1404,5,30,11,2404,1,synthetic
1405,11,33,14,2405,0,synthetic
1406,32,39,20,2406,0,synthetic
1407,45,19,20,2407,0,synthetic
1408,26,22,3,2408,0,synthetic
1409,45,31,12,2409,1,synthetic
1410,23,33,14,2410,1,synthetic
1411,19,26,7,2411,1,synthetic
1412,16,20,1,2412,1,synthetic
1413,14,16,17,2413,1,synthetic
1414,10,10,11,2414,0,synthetic
1415,6,4,5,2415,0,synthetic
1416,10,7,8,2416,1,synthetic
1417,9,10,11,2417,0,synthetic
1418,19,22,3,2418,1,synthetic
1419,38,16,17,2419,1,synthetic
1420,28,27,8,2420,0,synthetic
1421,42,36,17,2421,1,synthetic
1422,46,14,15,2422,1,synthetic
1423,42,3,4,2423,1,synthetic
1424,11,26,7,2424,0,synthetic
1425,23,5,6,2425,0,synthetic
1426,3,17,18,2426,1,synthetic
1427,12,32,13,2427,1,synthetic
1428,43,26,7,2428,1,synthetic
1429,29,9,10,2429,1,synthetic
1430,48,28,9,2430,1,synthetic
1431,49,37,18,2431,0,synthetic
1432,1,11,12,2432,1,synthetic
1433,27,6,7,2433,1,synthetic
1434,22,10,11,2434,0,synthetic
1435,9,16,17,2435,1,synthetic
1436,18,13,14,2436,0,synthetic
1437,27,3,4,2437,0,synthetic
1438,41,24,5,2438,1,synthetic
1439,40,24,5,2439,1,synthetic
1440,1,7,8,2440,1,synthetic
1441,50,33,14,2441,0,synthetic
1442,14,10,11,2442,1,synthetic
1443,44,33,14,2443,1,synthetic
1444,34,26,7,2444,0,synthetic
1445,28,3,4,2445,1,synthetic
1446,47,38,19,2446,1,synthetic
1447,35,30,11,2447,0,synthetic
1448,19,22,3,2448,0,synthetic
1449,27,38,19,2449,0,synthetic
1450,31,27,8,2450,1,synthetic
1451,39,37,18,2451,0,synthetic
1452,21,38,19,2452,0,synthetic
1453,29,17,18,2453,1,synthetic
1454,42,3,4,2454,0,synthetic
1455,43,38,19,2455,1,synthetic
1456,26,17,18,2456,0,synthetic
1457,34,15,16,2457,0,synthetic
1458,15,29,10,2458,0,synthetic
1459,26,1,2,1459,1,synthetic
1460,4,5,6,2460,1,synthetic
1461,35,35,16,2461,1,synthetic
1462,2,33,14,2462,1,synthetic
1463,50,39,20,2463,0,synthetic
1464,32,38,19,2464,0,synthetic
1465,35,36,17,2465,1,synthetic
1466,50,8,9,2466,0,synthetic
1467,25,36,17,2467,1,synthetic
1468,12,35,16,2468,0,synthetic
1469,1,28,9,2469,0,synthetic
1470,22,16,17,2470,1,synthetic
1471,2,7,8,2471,0,synthetic
1472,48,17,18,2472,0,synthetic
1473,43,19,20,2473,1,synthetic
1474,27,11,12,2474,1,synthetic
1475,14,11,12,2475,1,synthetic
1476,7,19,20,2476,1,synthetic
1477,35,36,17,2477,0,synthetic
1478,5,10,11,2478,0,synthetic
1479,1,16,17,2479,0,synthetic
1480,50,18,19,2480,0,synthetic
1481,8,29,10,2481,1,synthetic
1482,8,33,14,2482,1,synthetic
1483,33,8,9,2483,1,synthetic
1484,43,40,1,1484,1,synthetic
1485,6,23,4,2485,0,synthetic
1486,23,12,13,2486,1,synthetic
1487,13,35,16,2487,1,synthetic
1488,47,2,3,2488,0,synthetic
1489,5,11,12,2489,0,synthetic
1490,22,11,12,2490,0,synthetic
1491,31,23,4,2491,0,synthetic
1492,22,25,6,2492,1,synthetic
1493,7,33,14,2493,1,synthetic
1494,14,11,12,2494,0,synthetic
1495,40,31,12,2495,0,synthetic
1496,48,15,16,2496,1,synthetic
1497,36,30,11,2497,1,synthetic
1498,21,24,5,2498,0,synthetic
1499,3,3,4,2499,1,synthetic
1500,13,1,2,2500,1,synthetic
1501,2,24,5,2501,1,synthetic
1502,27,1,2,2502,1,synthetic
1503,30,6,7,2503,0,synthetic
1504,7,39,20,2504,0,synthetic
1505,38,9,10,2505,1,synthetic
1506,32,36,17,2506,1,synthetic
1507,8,40,1,2507,0,synthetic
1508,41,21,2,2508,0,synthetic
1509,20,35,16,2509,1,synthetic
1510,19,3,4,2510,0,synthetic
1511,4,20,1,2511,0,synthetic
1512,45,17,18,2512,1,synthetic
1513,10,18,19,2513,1,synthetic
1514,27,5,6,2514,1,synthetic
1515,5,32,13,2515,1,synthetic
1516,48,20,1,2516,1,synthetic
1517,2,2,3,2517,1,synthetic
1518,21,12,13,2518,0,synthetic
1519,9,34,15,2519,0,synthetic
1520,24,8,9,2520,0,synthetic
1521,17,22,3,2521,1,synthetic
1522,8,12,13,2522,0,synthetic
1523,38,6,7,2523,0,synthetic
1524,4,18,19,2524,1,synthetic
1525,49,36,17,2525,0,synthetic
1526,46,36,17,2526,1,synthetic
1527,36,20,1,2527,0,synthetic
1528,26,3,4,2528,1,synthetic
1529,27,6,7,2529,1,synthetic
1530,18,4,5,2530,0,synthetic
1531,5,7,8,2531,0,synthetic
1532,7,31,12,2532,0,synthetic
1533,31,24,5,2533,1,synthetic
1534,35,7,8,2534,1,synthetic
1535,11,38,19,2535,0,synthetic
1536,6,22,3,2536,0,synthetic
1537,12,37,18,2537,0,synthetic
1538,41,2,3,2538,1,synthetic
1539,14,9,10,2539,0,synthetic
1540,48,33,14,2540,0,synthetic
1541,27,1,2,2541,1,synthetic
1542,37,13,14,2542,1,synthetic
1543,36,16,17,2543,0,synthetic
1544,28,14,15,2544,1,synthetic
1545,13,34,15,2545,1,synthetic
1546,23,9,10,2546,1,synthetic
1547,38,27,8,2547,1,synthetic
1548,18,16,17,2548,0,synthetic
1549,46,27,8,2549,1,synthetic
1550,42,39,20,2550,1,synthetic
1551,1,8,9,2551,1,synthetic
1552,38,13,14,2552,1,synthetic
1553,45,9,10,2553,0,synthetic
1554,42,38,19,2554,0,synthetic
1555,43,16,17,2555,0,synthetic
1556,46,3,4,2556,0,synthetic
1557,16,3,4,2557,0,synthetic
1558,44,26,7,2558,0,synthetic
1559,14,18,19,2559,0,synthetic
1560,37,1,2,2560,0,synthetic
1561,46,8,9,2561,0,synthetic
1562,27,7,8,2562,1,synthetic
1563,14,29,10,2563,0,synthetic
1564,10,8,9,2564,1,synthetic
1565,21,27,8,2565,1,synthetic
1566,43,34,15,2566,1,synthetic
1567,29,13,14,2567,0,synthetic
1568,14,25,6,2568,1,synthetic
1569,13,16,17,2569,1,synthetic
1570,32,18,19,2570,1,synthetic
1571,4,17,18,2571,0,synthetic
1572,28,30,11,2572,0,synthetic
1573,4,4,5,2573,1,synthetic
1574,34,19,20,2574,0,synthetic
1575,27,8,9,2575,1,synthetic
1576,10,19,20,2576,1,synthetic
1577,12,28,9,2577,0,synthetic
1578,31,34,15,2578,0,synthetic
1579,38,30,11,2579,1,synthetic
1580,20,15,16,2580,1,synthetic
1581,13,18,19,2581,1,synthetic
1582,25,18,19,2582,0,synthetic
1583,31,15,16,2583,1,synthetic
1584,9,2,3,2584,0,synthetic
1585,42,32,13,2585,1,synthetic
1586,15,36,17,2586,0,synthetic
1587,8,18,19,2587,1,synthetic
1588,34,17,18,2588,0,synthetic
1589,18,34,15,2589,1,synthetic
1590,48,26,7,2590,0,synthetic
1591,5,37,18,2591,0,synthetic
1592,16,19,20,2592,1,synthetic
1593,16,36,17,2593,0,synthetic
1594,41,32,13,2594,0,synthetic
1595,10,2,3,2595,1,synthetic
1596,50,36,17,2596,1,synthetic
1597,37,22,3,2597,0,synthetic
1598,31,13,14,2598,0,synthetic
1599,7,20,1,1599,1,synthetic
1600,17,18,19,2600,0,synthetic
1601,41,26,7,2601,1,synthetic
1602,7,25,6,2602,1,synthetic
1603,40,13,14,2603,0,synthetic
1604,21,3,4,2604,1,synthetic
1605,23,31,12,2605,0,synthetic
1606,35,22,3,2606,1,synthetic
1607,15,28,9,2607,0,synthetic
1608,45,5,6,2608,0,synthetic
1609,37,9,10,2609,0,synthetic
1610,27,3,4,2610,0,synthetic
1611,30,27,8,2611,0,synthetic
1612,7,36,17,2612,1,synthetic
1613,46,9,10,2613,0,synthetic
1614,48,14,15,2614,0,synthetic
1615,24,7,8,2615,0,synthetic
1616,17,1,2,2616,1,synthetic
1617,8,18,19,2617,1,synthetic
1618,14,6,7,2618,1,synthetic
1619,16,40,1,2619,0,synthetic
1620,6,17,18,2620,0,synthetic
1621,3,31,12,2621,1,synthetic
1622,35,11,12,2622,0,synthetic
1623,32,14,15,2623,1,synthetic
1624,22,7,8,2624,0,synthetic
1625,33,38,19,2625,0,synthetic
1626,37,18,19,2626,0,synthetic
1627,28,23,4,2627,1,synthetic
1628,49,29,10,2628,0,synthetic
1629,2,7,8,2629,0,synthetic
1630,43,18,19,2630,0,synthetic
1631,12,11,12,2631,0,synthetic
1632,48,3,4,2632,0,synthetic
1633,13,14,15,2633,0,synthetic
1634,9,19,20,2634,1,synthetic
1635,4,29,10,2635,0,synthetic
1636,40,9,10,2636,0,synthetic
1637,8,14,15,2637,1,synthetic
1638,41,20,1,1638,1,synthetic
1639,10,5,6,2639,0,synthetic
1640,31,25,6,2640,0,synthetic
1641,11,24,5,2641,0,synthetic
1642,35,12,13,2642,1,synthetic
1643,7,6,7,2643,0,synthetic
1644,14,5,6,2644,0,synthetic
1645,27,7,8,2645,1,synthetic
1646,15,11,12,2646,1,synthetic
1647,46,34,15,2647,1,synthetic
1648,29,11,12,2648,0,synthetic
1649,29,28,9,2649,0,synthetic
1650,40,29,10,2650,1,synthetic
1651,21,17,18,2651,0,synthetic
1652,47,2,3,2652,0,synthetic
1653,26,19,20,2653,1,synthetic
1654,50,35,16,2654,1,synthetic
1655,6,38,19,2655,0,synthetic
1656,45,9,10,2656,0,synthetic
1657,15,35,16,2657,0,synthetic
1658,36,31,12,2658,1,synthetic
1659,42,38,19,2659,0,synthetic
1660,4,34,15,2660,0,synthetic
1661,35,15,16,2661,0,synthetic
1662,16,4,5,2662,0,synthetic
1663,16,35,16,2663,0,synthetic
1664,22,34,15,2664,0,synthetic
1665,17,17,18,2665,1,synthetic
1666,36,9,10,2666,0,synthetic
1667,3,28,9,2667,1,synthetic
1668,14,9,10,2668,0,synthetic
1669,45,6,7,2669,0,synthetic
1670,40,29,10,2670,0,synthetic
1671,28,35,16,2671,0,synthetic
1672,48,21,2,1672,1,synthetic
1673,11,18,19,2673,1,synthetic
1674,2,3,4,2674,0,synthetic
1675,50,2,3,2675,0,synthetic
1676,47,2,3,2676,0,synthetic
1677,21,11,12,2677,0,synthetic
1678,6,13,14,2678,1,synthetic
1679,7,29,10,2679,1,synthetic
1680,4,39,20,2680,0,synthetic
1681,47,10,11,2681,1,synthetic
1682,21,25,6,2682,0,synthetic
1683,33,19,20,2683,1,synthetic
1684,17,11,12,2684,0,synthetic
1685,35,10,11,2685,1,synthetic
1686,19,32,13,2686,0,synthetic
1687,10,12,13,2687,1,synthetic
1688,33,40,1,1688,0,synthetic
1689,21,25,6,2689,1,synthetic
1690,3,33,14,2690,1,synthetic
1691,30,2,3,2691,0,synthetic
1692,39,4,5,2692,0,synthetic
1693,43,17,18,2693,0,synthetic
1694,25,23,4,2694,1,synthetic
1695,6,24,5,2695,1,synthetic
1696,34,10,11,2696,1,synthetic
1697,25,37,18,2697,0,synthetic
1698,16,27,8,2698,0,synthetic
1699,18,33,14,2699,0,synthetic
1700,21,24,5,2700,0,synthetic
1701,24,20,1,2701,0,synthetic
1702,37,25,6,2702,0,synthetic
1703,36,3,4,2703,1,synthetic
1704,4,27,8,2704,0,synthetic
1705,16,27,8,2705,1,synthetic
1706,40,23,4,2706,0,synthetic
1707,50,40,1,2707,0,synthetic
1708,9,5,6,2708,0,synthetic
1709,18,4,5,2709,0,synthetic
1710,26,17,18,2710,0,synthetic
1711,36,34,15,2711,0,synthetic
1712,17,17,18,2712,0,synthetic
1713,36,31,12,2713,1,synthetic
1714,16,34,15,2714,0,synthetic
1715,25,13,14,2715,0,synthetic
1716,26,18,19,2716,0,synthetic
1717,10,5,6,2717,0,synthetic
1718,45,26,7,2718,1,synthetic
1719,47,11,12,2719,1,synthetic
1720,27,20,1,1720,0,synthetic
1721,2,16,17,2721,1,synthetic
1722,49,9,10,2722,1,synthetic
1723,47,34,15,2723,1,synthetic
1724,14,7,8,2724,1,synthetic
1725,50,17,18,2725,0,synthetic
1726,30,3,4,2726,1,synthetic
1727,19,25,6,2727,0,synthetic
1728,23,24,5,2728,1,synthetic
1729,3,12,13,2729,1,synthetic
1730,15,24,5,2730,1,synthetic
1731,35,12,13,2731,1,synthetic
1732,13,2,3,2732,0,synthetic
1733,31,25,6,2733,1,synthetic
1734,27,18,19,2734,1,synthetic
1735,33,37,18,2735,0,synthetic
1736,50,15,16,2736,0,synthetic
1737,24,16,17,2737,0,synthetic
1738,18,22,3,2738,0,synthetic
1739,30,40,1,2739,0,synthetic
1740,44,22,3,2740,0,synthetic
1741,19,4,5,2741,1,synthetic
1742,16,14,15,2742,0,synthetic
1743,14,23,4,2743,0,synthetic
1744,34,17,18,2744,1,synthetic
1745,46,8,9,2745,1,synthetic
1746,47,15,16,2746,0,synthetic
1747,7,6,7,2747,0,synthetic
1748,46,39,20,2748,1,synthetic
1749,34,30,11,2749,0,synthetic
1750,35,4,5,2750,0,synthetic
1751,16,38,19,2751,0,synthetic
1752,41,13,14,2752,1,synthetic
1753,14,9,10,2753,1,synthetic
1754,42,21,2,1754,0,synthetic
1755,3,27,8,2755,0,synthetic
1756,47,5,6,2756,0,synthetic
1757,49,40,1,1757,1,synthetic
1758,49,21,2,2758,1,synthetic
1759,7,30,11,2759,1,synthetic
1760,50,36,17,2760,0,synthetic
1761,1,12,13,2761,0,synthetic
1762,2,2,3,2762,0,synthetic
1763,22,27,8,2763,0,synthetic
1764,36,9,10,2764,0,synthetic
1765,16,25,6,2765,1,synthetic
1766,31,32,13,2766,1,synthetic
1767,47,19,20,2767,0,synthetic
1768,47,27,8,2768,0,synthetic
1769,40,14,15,2769,1,synthetic
1770,24,40,1,2770,1,synthetic
1771,9,4,5,2771,0,synthetic
1772,20,39,20,2772,0,synthetic
1773,8,34,15,2773,1,synthetic
1774,7,35,16,2774,1,synthetic
1775,15,15,16,2775,1,synthetic
1776,34,31,12,2776,1,synthetic
1777,2,38,19,2777,0,synthetic
1778,49,27,8,2778,0,synthetic
1779,11,11,12,2779,0,synthetic
1780,39,39,20,2780,0,synthetic
1781,5,16,17,2781,1,synthetic
1782,18,22,3,2782,1,synthetic
1783,27,5,6,2783,0,synthetic
1784,17,3,4,2784,1,synthetic
1785,9,34,15,2785,1,synthetic
1786,48,3,4,2786,1,synthetic
1787,41,2,3,2787,1,synthetic
1788,16,32,13,2788,1,synthetic
1789,28,28,9,2789,0,synthetic
1790,34,7,8,2790,0,synthetic
1791,48,9,10,2791,1,synthetic
1792,50,2,3,2792,0,synthetic
1793,13,4,5,2793,0,synthetic
1794,24,25,6,2794,1,synthetic
1795,39,6,7,2795,0,synthetic
1796,25,10,11,2796,1,synthetic
1797,5,21,2,2797,0,synthetic
1798,7,12,13,2798,0,synthetic
1799,17,22,3,2799,1,synthetic
1800,4,28,9,2800,0,synthetic
1801,28,37,18,2801,0,synthetic
1802,32,32,13,2802,1,synthetic
1803,49,36,17,2803,0,synthetic
1804,40,14,15,2804,1,synthetic
1805,19,3,4,2805,0,synthetic
1806,16,20,1,2806,0,synthetic
1807,34,29,10,2807,0,synthetic
1808,22,20,1,2808,0,synthetic
1809,31,36,17,2809,0,synthetic
1810,27,3,4,2810,0,synthetic
1811,15,24,5,2811,0,synthetic
1812,4,7,8,2812,1,synthetic
1813,29,2,3,2813,0,synthetic
1814,33,24,5,2814,0,synthetic
1815,19,19,20,2815,0,synthetic
1816,2,29,10,2816,1,synthetic
1817,38,11,12,2817,1,synthetic
1818,49,39,20,2818,1,synthetic
1819,50,40,1,2819,1,synthetic
1820,50,19,20,2820,1,synthetic
1821,6,34,15,2821,1,synthetic
1822,10,35,16,2822,1,synthetic
1823,38,25,6,2823,0,synthetic
1824,10,22,3,2824,0,synthetic
1825,19,2,3,2825,1,synthetic
1826,37,40,1,1826,0,synthetic
1827,12,13,14,2827,0,synthetic
1828,12,15,16,2828,1,synthetic
1829,50,10,11,2829,1,synthetic
1830,26,37,18,2830,0,synthetic
1831,27,40,1,1831,0,synthetic
1832,36,31,12,2832,0,synthetic
1833,26,8,9,2833,1,synthetic
1834,49,27,8,2834,0,synthetic
1835,42,29,10,2835,0,synthetic
1836,48,14,15,2836,1,synthetic
1837,36,15,16,2837,0,synthetic
1838,21,39,20,2838,1,synthetic
1839,42,16,17,2839,0,synthetic
1840,43,36,17,2840,0,synthetic
1841,19,1,2,2841,1,synthetic
1842,27,8,9,2842,0,synthetic
1843,45,37,18,2843,1,synthetic
1844,22,2,3,2844,0,synthetic
1845,26,38,19,2845,1,synthetic
1846,35,10,11,2846,1,synthetic
1847,43,18,19,2847,0,synthetic
1848,36,25,6,2848,1,synthetic
1849,23,27,8,2849,0,synthetic
1850,14,1,2,1850,1,synthetic
1851,28,7,8,2851,0,synthetic
1852,50,13,14,2852,1,synthetic
1853,37,22,3,2853,0,synthetic
1854,17,13,14,2854,1,synthetic
1855,26,35,16,2855,0,synthetic
1856,16,38,19,2856,1,synthetic
1857,33,18,19,2857,0,synthetic
1858,2,11,12,2858,1,synthetic
1859,49,15,16,2859,0,synthetic
1860,1,33,14,2860,1,synthetic
1861,39,26,7,2861,1,synthetic
1862,5,4,5,2862,0,synthetic
1863,49,25,6,2863,0,synthetic
1864,5,6,7,2864,0,synthetic
1865,40,22,3,2865,0,synthetic
1866,4,5,6,2866,1,synthetic
1867,34,4,5,2867,1,synthetic
1868,6,19,20,2868,0,synthetic
1869,48,21,2,1869,0,synthetic
1870,30,27,8,2870,0,synthetic
1871,41,34,15,2871,0,synthetic
1872,38,29,10,2872,1,synthetic
1873,41,10,11,2873,0,synthetic
1874,47,24,5,2874,0,synthetic
1875,41,18,19,2875,1,synthetic
1876,2,32,13,2876,1,synthetic
1877,29,39,20,2877,1,synthetic
1878,26,11,12,2878,0,synthetic
1879,46,29,10,2879,0,synthetic
1880,47,26,7,2880,1,synthetic
1881,43,9,10,2881,0,synthetic
1882,23,2,3,2882,0,synthetic
1883,48,32,13,2883,1,synthetic
1884,25,4,5,2884,0,synthetic
1885,37,39,20,2885,0,synthetic
1886,50,17,18,2886,0,synthetic
1887,26,34,15,2887,1,synthetic
1888,5,13,14,2888,0,synthetic
1889,13,30,11,2889,0,synthetic
1890,6,9,10,2890,1,synthetic
1891,23,11,12,2891,0,synthetic
1892,23,26,7,2892,0,synthetic
1893,30,35,16,2893,0,synthetic
1894,30,1,2,1894,0,synthetic
1895,11,7,8,2895,0,synthetic
1896,39,11,12,2896,0,synthetic
1897,25,8,9,2897,0,synthetic
1898,49,28,9,2898,0,synthetic
1899,33,21,2,2899,0,synthetic
1900,30,32,13,2900,1,synthetic
1901,25,8,9,2901,0,synthetic
1902,14,29,10,2902,0,synthetic
1903,43,35,16,2903,1,synthetic
1904,20,17,18,2904,0,synthetic
1905,47,11,12,2905,1,synthetic
1906,4,10,11,2906,1,synthetic
1907,19,33,14,2907,0,synthetic
1908,7,28,9,2908,1,synthetic
1909,19,4,5,2909,0,synthetic
1910,29,14,15,2910,1,synthetic
1911,7,26,7,2911,1,synthetic
1912,35,7,8,2912,0,synthetic
1913,30,32,13,2913,0,synthetic
1914,12,5,6,2914,0,synthetic
1915,11,6,7,2915,1,synthetic
1916,38,35,16,2916,0,synthetic
1917,7,13,14,2917,1,synthetic
1918,34,27,8,2918,0,synthetic
1919,37,35,16,2919,1,synthetic
1920,48,32,13,2920,1,synthetic
1921,15,28,9,2921,0,synthetic
1922,35,16,17,2922,0,synthetic
1923,33,12,13,2923,1,synthetic
1924,27,2,3,2924,1,synthetic
1925,15,37,18,2925,1,synthetic
1926,48,2,3,2926,1,synthetic
1927,45,38,19,2927,1,synthetic
1928,26,8,9,2928,1,synthetic
1929,31,4,5,2929,1,synthetic
1930,32,16,17,2930,1,synthetic
1931,34,10,11,2931,0,synthetic
1932,24,1,2,1932,1,synthetic
1933,35,10,11,2933,0,synthetic
1934,43,11,12,2934,0,synthetic
1935,15,23,4,2935,1,synthetic
1936,44,11,12,2936,0,synthetic
1937,26,24,5,2937,0,synthetic
1938,50,22,3,2938,1,synthetic
1939,7,17,18,2939,1,synthetic
1940,37,10,11,2940,0,synthetic
1941,34,12,13,2941,0,synthetic
1942,37,9,10,2942,1,synthetic
1943,37,26,7,2943,1,synthetic
1944,49,39,20,2944,0,synthetic
1945,36,38,19,2945,1,synthetic
1946,16,28,9,2946,1,synthetic
1947,35,2,3,2947,0,synthetic
1948,9,3,4,2948,1,synthetic
1949,3,39,20,2949,0,synthetic
1950,43,35,16,2950,1,synthetic
1951,47,39,20,2951,1,synthetic
1952,33,19,20,2952,0,synthetic
1953,20,39,20,2953,1,synthetic
1954,48,40,1,2954,0,synthetic
1955,42,6,7,2955,1,synthetic
1956,23,29,10,2956,1,synthetic
1957,49,3,4,2957,1,synthetic
1958,6,23,4,2958,0,synthetic
1959,16,35,16,2959,1,synthetic
1960,29,25,6,2960,1,synthetic
1961,13,35,16,2961,0,synthetic
1962,2,40,1,2962,1,synthetic
1963,18,25,6,2963,0,synthetic
1964,40,5,6,2964,1,synthetic
1965,32,40,1,2965,1,synthetic
1966,25,35,16,2966,0,synthetic
1967,40,37,18,2967,1,synthetic
1968,33,32,13,2968,0,synthetic
1969,9,21,2,2969,0,synthetic
1970,32,3,4,2970,1,synthetic
1971,44,34,15,2971,0,synthetic
1972,26,12,13,2972,0,synthetic
1973,24,4,5,2973,1,synthetic
1974,2,24,5,2974,1,synthetic
1975,25,40,1,1975,1,synthetic
1976,44,30,11,2976,0,synthetic
1977,2,8,9,2977,0,synthetic
1978,18,35,16,2978,0,synthetic
1979,50,22,3,2979,1,synthetic
1980,18,17,18,2980,0,synthetic
1981,34,26,7,2981,1,synthetic
1982,38,26,7,2982,0,synthetic
1983,9,23,4,2983,1,synthetic
1984,12,16,17,2984,0,synthetic
1985,44,35,16,2985,1,synthetic
1986,26,15,16,2986,0,synthetic
1987,35,37,18,2987,0,synthetic
1988,22,26,7,2988,0,synthetic
1989,17,6,7,2989,1,synthetic
1990,12,35,16,2990,1,synthetic
1991,47,31,12,2991,0,synthetic
1992,22,25,6,2992,0,synthetic
1993,37,11,12,2993,1,synthetic
1994,38,15,16,2994,0,synthetic
1995,22,34,15,2995,1,synthetic
1996,7,15,16,2996,0,synthetic
1997,36,26,7,2997,1,synthetic
1998,24,2,3,2998,1,synthetic
1999,34,17,18,2999,1,synthetic
2000,36,21,2,2000,0,synthetic
